lon,lat,mean_sst,mean_ssh
262.875,22.375,24.2282327586207,0.252527216748769
262.875,22.625,24.166902709359608,0.25179131773399016
262.875,22.875,24.111114532019712,0.25098491379310345
262.875,23.125,24.055972906403934,0.2511388546798032
262.875,23.375,23.995751231527105,0.25277432266009864
262.875,23.625,23.92684729064039,0.25441798029556634
262.875,23.875,23.824415024630532,0.25405979064039386
263.125,22.125,24.248368226600977,0.25430240147783256
263.125,22.375,24.191748768472912,0.2538775862068969
263.125,22.625,24.12395320197042,0.2532001847290639
263.125,22.875,24.061976600985197,0.2525557266009853
263.125,23.125,24.009605911330063,0.2515091133004926
263.125,23.375,23.949476600985218,0.2519375615763547
263.125,23.625,23.876416256157633,0.2537672413793101
263.125,23.875,23.77638546798027,0.2544885467980296
263.125,24.125,23.651323891625605,0.25293460591133016
263.125,24.375,23.512499999999985,0.2505930418719213
263.125,24.625,23.359729064039417,0.2489420566502462
263.125,24.875,23.19291871921182,0.2479177955665025
263.375,21.125,24.410190886699528,0.2559753078817732
263.375,21.375,24.361699507389183,0.25536853448275854
263.375,21.625,24.32900246305419,0.25721447044334966
263.375,21.875,24.272383004926105,0.26210480295566496
263.375,22.125,24.210683497536944,0.26539402709359616
263.375,22.375,24.144827586206873,0.26449217980295586
263.375,22.625,24.07149014778324,0.26386588669950733
263.375,22.875,24.014408866995087,0.2641779556650246
263.375,23.125,23.964809113300493,0.263248460591133
263.375,23.375,23.91317733990148,0.26257081280788236
263.375,23.625,23.83845443349753,0.2626872536945814
263.375,23.875,23.74895320197044,0.2618751231527094
263.375,24.125,23.651693349753693,0.25854248768472915
263.375,24.375,23.54307266009852,0.2540734605911332
263.375,24.625,23.42346059113301,0.2499955049261083
263.375,24.875,23.25683497536947,0.24595227832512317
263.375,25.125,23.073121921182253,0.24295769704433492
263.375,25.375,22.918780788177344,0.24228479064039404
263.375,26.625,22.08121921182267,0.21977229064039422
263.625,21.125,24.368534482758598,0.25317777093596044
263.625,21.375,24.319766009852213,0.2573447660098524
263.625,21.625,24.29242610837439,0.26517278325123156
263.625,21.875,24.263331280788194,0.2759556034482754
263.625,22.125,24.219088669950736,0.2814358990147783
263.625,22.375,24.166256157635477,0.28080486453201975
263.625,22.625,24.109544334975393,0.28052647783251206
263.625,22.875,24.055141625615757,0.282883066502463
263.625,23.125,23.998429802955663,0.2840015394088673
263.625,23.375,23.936360837438425,0.2827758620689657
263.625,23.625,23.85526477832512,0.28029685960591133
263.625,23.875,23.774353448275853,0.27612475369458134
263.625,24.125,23.683466748768492,0.2699643472906403
263.625,24.375,23.59405788177339,0.2630899014778327
263.625,24.625,23.47897167487682,0.2562350985221678
263.625,24.875,23.348645320197072,0.24885504926108376
263.625,25.125,23.196798029556653,0.2425462438423645
263.625,25.375,23.013084975369466,0.2392853448275862
263.625,25.625,22.85338669950739,0.238722475369458
263.625,25.875,22.639193349753686,0.23855658866995083
263.625,26.125,22.422967980295557,0.23418448275862075
263.625,26.375,22.264378078817735,0.22596748768472905
263.625,26.625,22.18799261083746,0.2196266625615764
263.625,26.875,22.17118226600987,0.21568269704433504
263.625,27.125,22.119735221674894,0.210409051724138
263.625,27.375,22.02007389162563,0.20441366995073895
263.875,21.125,24.335560344827574,0.25438823891625645
263.875,21.375,24.302032019704445,0.26382647783251223
263.875,21.625,24.287992610837428,0.2756412561576353
263.875,21.875,24.27201354679802,0.2891363300492613
263.875,22.125,24.24264162561577,0.2960519704433499
263.875,22.375,24.200800492610853,0.2962325738916256
263.875,22.625,24.164685960591143,0.2970245689655172
263.875,22.875,24.116841133004915,0.3010979679802954
263.875,23.125,24.051169950738927,0.3040490763546798
263.875,23.375,23.984852216748752,0.3041267241379313
263.875,23.625,23.90126231527093,0.30138940886699506
263.875,23.875,23.81508620689654,0.29510258620689633
263.875,24.125,23.724753694581274,0.2871922413793105
263.875,24.375,23.63488300492611,0.27852881773399035
263.875,24.625,23.53475985221675,0.2682152093596058
263.875,24.875,23.4158866995074,0.25587740147783256
263.875,25.125,23.27872536945813,0.24424636699507388
263.875,25.375,23.11570197044333,0.23732032019704424
263.875,25.625,22.96487068965518,0.23627124384236467
263.875,25.875,22.80905172413791,0.23705948275862054
263.875,26.125,22.635683497536938,0.23414550492610847
263.875,26.375,22.497598522167486,0.2278154556650246
263.875,26.625,22.417149014778342,0.22297586206896539
263.875,26.875,22.373091133004944,0.22038823891625642
263.875,27.125,22.291717980295545,0.2168974753694581
263.875,27.375,22.12860221674874,0.2107182881773399
263.875,27.625,21.832296798029542,0.2040670566502465
264.125,21.125,24.317826354679802,0.25903084975369495
264.125,21.375,24.310160098522175,0.2738241379310342
264.125,21.625,24.304710591133002,0.28753657635468005
264.125,21.875,24.293442118226604,0.2996184113300489
264.125,22.125,24.269796798029557,0.30612253694581254
264.125,22.375,24.241071428571445,0.30771268472906443
264.125,22.625,24.204864532019716,0.30984889162561574
264.125,22.875,24.158405172413804,0.3137472906403939
264.125,23.125,24.094673645320203,0.3176960591133006
264.125,23.375,24.026693349753707,0.32076397783251237
264.125,23.625,23.93940886699508,0.3202922413793102
264.125,23.875,23.85092364532019,0.3151982142857144
264.125,24.125,23.763916256157646,0.3077877463054185
264.125,24.375,23.673676108374384,0.29777155172413816
264.125,24.625,23.581588669950758,0.28276791871921186
264.125,24.875,23.47379926108375,0.2639412561576349
264.125,25.125,23.34411945812808,0.24661921182266008
264.125,25.375,23.19097906403941,0.23599242610837462
264.125,25.625,23.058066502463042,0.23419704433497546
264.125,25.875,22.93282019704435,0.23656200738916247
264.125,26.125,22.799999999999997,0.23676342364532035
264.125,26.375,22.67503078817734,0.23352352216748776
264.125,26.625,22.574261083743828,0.22970880541871913
264.125,26.875,22.497044334975374,0.22690443349753692
264.125,27.125,22.401354679802974,0.2232573891625616
264.125,27.375,22.221520935960598,0.2163244458128078
264.125,27.625,21.88688423645322,0.20759722906403938
264.375,21.125,24.323460591133006,0.2659433497536945
264.375,21.375,24.330480295566506,0.28460726600985214
264.375,21.625,24.32807881773399,0.29937733990147763
264.375,21.875,24.31431650246305,0.3089290640394083
264.375,22.125,24.29455049261084,0.3137452586206894
264.375,22.375,24.268411330049275,0.31646336206896564
264.375,22.625,24.23248152709359,0.3188894088669951
264.375,22.875,24.18482142857144,0.32161133004926107
264.375,23.125,24.121736453201947,0.3263168719211822
264.375,23.375,24.051169950738903,0.33186059113300515
264.375,23.625,23.965917487684738,0.3342626847290641
264.375,23.875,23.875123152709367,0.33213891625615705
264.375,24.125,23.797536945812798,0.32614224137931047
264.375,24.375,23.7060960591133,0.31492075123152713
264.375,24.625,23.613269704433495,0.2958953201970439
264.375,24.875,23.50557266009852,0.27209458128078823
264.375,25.125,23.379310344827598,0.25041890394088673
264.375,25.375,23.249445812807867,0.23655905172413785
264.375,25.625,23.123922413793125,0.2335427339901475
264.375,25.875,23.02232142857146,0.23691816502463042
264.375,26.125,22.91222290640394,0.2402537561576354
264.375,26.375,22.795935960591134,0.240349199507389
264.375,26.625,22.67964901477834,0.2369634852216751
264.375,26.875,22.58395935960591,0.2327316502463056
264.375,27.125,22.47358374384239,0.2275264162561578
264.375,27.375,22.29273399014778,0.21955080049261108
264.375,27.625,21.93833128078816,0.21033891625615764
264.375,27.875,21.32983374384235,0.20366009852216743
264.625,21.125,24.35227832512316,0.27511717980295597
264.625,21.375,24.36530172413793,0.29485578817733993
264.625,21.625,24.358097290640362,0.3095051724137929
264.625,21.875,24.33962438423646,0.31764421182265984
264.625,22.125,24.317364532019674,0.3217761699507391
264.625,22.375,24.27931034482757,0.3253908251231525
264.625,22.625,24.240794334975398,0.3274158866995077
264.625,22.875,24.19498152709361,0.32838756157635496
264.625,23.125,24.134759852216764,0.332270566502463
264.625,23.375,24.05966748768473,0.33856360837438415
264.625,23.625,23.979310344827592,0.3425659482758623
264.625,23.875,23.886206896551702,0.3418546182266009
264.625,24.125,23.80621921182266,0.3359853448275861
264.625,24.375,23.72142857142857,0.3236543103448276
264.625,24.625,23.635621921182263,0.3031706896551722
264.625,24.875,23.523399014778313,0.2779379310344826
264.625,25.125,23.39889162561578,0.25447266009852226
264.625,25.375,23.265979064039403,0.23904008620689648
264.625,25.625,23.159482758620705,0.23499581280788157
264.625,25.875,23.066009852216744,0.23755240147783255
264.625,26.125,22.962284482758612,0.2403897167487684
264.625,26.375,22.859205665024636,0.24119716748768485
264.625,26.625,22.745504926108357,0.23925972906403947
264.625,26.875,22.637900246305396,0.2351051724137931
264.625,27.125,22.52558497536946,0.229117487684729
264.625,27.375,22.352309113300503,0.22077943349753687
264.625,27.625,22.016841133004917,0.21178466748768465
264.625,27.875,21.478540640394076,0.20484236453201976
264.875,21.125,24.39070197044334,0.2837157635467981
264.875,21.375,24.401139162561577,0.30321939655172436
264.875,21.625,24.390517241379307,0.31739402709359626
264.875,21.875,24.371213054187177,0.32572185960591127
264.875,22.125,24.335929802955675,0.33096182266009855
264.875,22.375,24.300738916256147,0.3348708743842366
264.875,22.625,24.264532019704436,0.33568201970443334
264.875,22.875,24.210868226601,0.33510049261083735
264.875,23.125,24.156096059113295,0.3375575738916254
264.875,23.375,24.08802339901478,0.3426649014778329
264.875,23.625,24.010806650246305,0.34536176108374395
264.875,23.875,23.91474753694583,0.34361176108374364
264.875,24.125,23.83337438423643,0.33675437192118224
264.875,24.375,23.742487684729078,0.3230912561576353
264.875,24.625,23.649938423645295,0.3022957512315272
264.875,24.875,23.53799261083743,0.2784139778325118
264.875,25.125,23.412469211822668,0.25713362068965545
264.875,25.375,23.289439655172373,0.2428889778325122
264.875,25.625,23.18322044334975,0.23790578817733998
264.875,25.875,23.09547413793103,0.23788029556650256
264.875,26.125,22.990732758620677,0.23674421182266014
264.875,26.375,22.892087438423637,0.23540794334975368
264.875,26.625,22.783651477832517,0.23567444581280783
264.875,26.875,22.676323891625607,0.23370726600985223
264.875,27.125,22.56003694581281,0.22855209359605913
264.875,27.375,22.39507389162562,0.22130855911330044
264.875,27.625,22.093873152709364,0.21299298029556674
264.875,27.875,21.581988916256172,0.2058987068965516
264.875,28.125,20.826539408866985,0.19902949507389164
265.125,21.125,24.425985221674885,0.2891606527093596
265.125,21.375,24.42903325123153,0.30938084975369473
265.125,21.625,24.419981527093583,0.32406687192118233
265.125,21.875,24.398183497536944,0.33389316502463057
265.125,22.125,24.364747536945824,0.33998940886699497
265.125,22.375,24.330018472906403,0.34238479064039407
265.125,22.625,24.30009236453203,0.34169150246305424
265.125,22.875,24.245782019704443,0.34094070197044357
265.125,23.125,24.19211822660095,0.3427035098522164
265.125,23.375,24.122290640394095,0.34524870689655174
265.125,23.625,24.046828817733992,0.3450978448275861
265.125,23.875,23.95695812807882,0.34171071428571415
265.125,24.125,23.87032019704434,0.33374039408867
265.125,24.375,23.769181034482756,0.31832333743842356
265.125,24.625,23.667857142857166,0.2971358990147786
265.125,24.875,23.558497536945808,0.2760953817733987
265.125,25.125,23.437777093596065,0.258938854679803
265.125,25.375,23.31899630541871,0.2461974137931035
265.125,25.625,23.209821428571423,0.23916588669950747
265.125,25.875,23.111268472906417,0.23632118226600962
265.125,26.125,23.010221674876863,0.2323727832512315
265.125,26.375,22.907142857142837,0.2291982142857142
265.125,26.625,22.814039408866993,0.2302276477832511
265.125,26.875,22.70458743842366,0.23023774630541874
265.125,27.125,22.584883004926116,0.22718780788177348
265.125,27.375,22.41862684729064,0.2217538793103448
265.125,27.625,22.15104679802958,0.21398583743842364
265.125,27.875,21.649137931034467,0.20654248768472905
265.125,28.125,20.95843596059113,0.19960942118226588
265.375,21.125,24.460991379310364,0.2925483990147786
265.375,21.375,24.454987684729065,0.3150548645320196
265.375,21.625,24.44076354679806,0.33104698275862093
265.375,21.875,24.42229064039409,0.34159513546798015
265.375,22.125,24.387838669950717,0.3478572660098523
265.375,22.375,24.358097290640377,0.34877395320197035
265.375,22.625,24.315517241379315,0.347059236453202
265.375,22.875,24.26286945812808,0.3462362068965517
265.375,23.125,24.218626847290636,0.3468745689655173
265.375,23.375,24.15674261083746,0.34663786945812813
265.375,23.625,24.07915640394088,0.3442375615763546
265.375,23.875,24.0,0.33990985221674913
265.375,24.125,23.911052955665017,0.33156717980295597
265.375,24.375,23.80714285714289,0.3155309113300492
265.375,24.625,23.702770935960594,0.29479784482758614
265.375,24.875,23.594519704433498,0.2760166256157637
265.375,25.125,23.47943349753694,0.26121447044335
265.375,25.375,23.355203201970458,0.24821939655172415
265.375,25.625,23.234944581280782,0.23849408866995095
265.375,25.875,23.130665024630538,0.2339676724137932
265.375,26.125,23.030449507389154,0.23078577586206891
265.375,26.375,22.932173645320187,0.22785178571428588
265.375,26.625,22.836299261083763,0.22697044334975364
265.375,26.875,22.72370689655174,0.22685782019704426
265.375,27.125,22.595135467980274,0.22601342364532026
265.375,27.375,22.428971674876838,0.22237216748768462
265.375,27.625,22.174784482758636,0.2145954433497538
265.375,27.875,21.701693349753683,0.2063447660098521
265.375,28.125,20.978386699507382,0.19978189655172435
265.375,28.375,20.177124384236432,0.19390708128078835
265.625,21.125,24.50440270935961,0.29581600985221707
265.625,21.375,24.492118226600994,0.31772567733990165
265.625,21.625,24.467733990147792,0.33432130541871913
265.625,21.875,24.446490147783255,0.34569064039408864
265.625,22.125,24.41841133004926,0.35260708128078816
265.625,22.375,24.37176724137932,0.35414310344827604
265.625,22.625,24.327247536945798,0.35287475369458116
265.625,22.875,24.2878078817734,0.3516088054187195
265.625,23.125,24.247721674876853,0.3501791871921183
265.625,23.375,24.190640394088668,0.34745098522167517
265.625,23.625,24.117302955665025,0.3440886699507393
265.625,23.875,24.03740763546798,0.33944636699507386
265.625,24.125,23.936915024630544,0.33098121921182255
265.625,24.375,23.830695812807882,0.3159306034482756
265.625,24.625,23.72336822660099,0.2967570197044333
265.625,24.875,23.621490147783266,0.2788315270935957
265.625,25.125,23.50298645320194,0.2644344211822659
265.625,25.375,23.38817733990146,0.2510418719211823
265.625,25.625,23.27133620689657,0.2396115763546799
265.625,25.875,23.169088669950714,0.23442518472906404
265.625,26.125,23.06767241379311,0.23325628078817728
265.625,26.375,22.969211822660085,0.23119568965517232
265.625,26.625,22.862530788177313,0.22748719211822663
265.625,26.875,22.7489224137931,0.22594987684729073
265.625,27.125,22.61684113300493,0.2262609605911331
265.625,27.375,22.456958128078817,0.2231708743842365
265.625,27.625,22.22475369458127,0.2147038177339903
265.625,27.875,21.776600985221656,0.2054929187192117
265.625,28.125,21.05569581280788,0.1992127463054187
265.625,28.375,20.225153940886717,0.19489839901477832
265.625,28.625,19.39156403940883,0.19188559113300493
265.875,21.125,24.546613300492627,0.2962242610837438
265.875,21.375,24.52712438423645,0.31381582512315276
265.875,21.625,24.499969211822656,0.3292366995073894
265.875,21.875,24.47290640394089,0.3417232758620686
265.875,22.125,24.439378078817757,0.3504622536945807
265.875,22.375,24.38866995073892,0.35532807881773404
265.875,22.625,24.341471674876857,0.356966933497537
265.875,22.875,24.304802955665014,0.35634599753694596
265.875,23.125,24.262038177339896,0.35356582512315277
265.875,23.375,24.213362068965495,0.34961588669950755
265.875,23.625,24.147875615763553,0.34583552955665053
265.875,23.875,24.067149014778312,0.34048152709359647
265.875,24.125,23.969981527093587,0.33139470443349767
265.875,24.375,23.851200738916248,0.3171777093596059
265.875,24.625,23.73759236453201,0.29882284482758614
265.875,24.875,23.63599137931034,0.2812967364532019
265.875,25.125,23.530141625615762,0.26807623152709337
265.875,25.375,23.421336206896555,0.25654636699507377
265.875,25.625,23.31206896551723,0.24606225369458115
265.875,25.875,23.210745073891616,0.2406134236453202
265.875,26.125,23.113854679802945,0.23928669950738907
265.875,26.375,23.01493226600984,0.23695018472906393
265.875,26.625,22.899107142857172,0.23202149014778312
265.875,26.875,22.77108990147784,0.22935400246305426
265.875,27.125,22.63762315270937,0.22879217980295566
265.875,27.375,22.514408866995073,0.22387967980295564
265.875,27.625,22.378633004926105,0.2137019704433498
265.875,27.875,21.961330049261058,0.2039514778325124
265.875,28.125,21.24532019704434,0.19847266009852202
265.875,28.375,20.325646551724116,0.19604107142857138
265.875,28.625,19.436545566502463,0.19468996305418715
265.875,28.875,18.698645320197038,0.1932402093596058
266.125,21.125,24.581157635467992,0.2935873768472908
266.125,21.375,24.56129926108373,0.3062177339901476
266.125,21.625,24.529618226600984,0.3190309729064036
266.125,21.875,24.490732758620698,0.33218885467980275
266.125,22.125,24.452493842364532,0.3433368842364532
266.125,22.375,24.40621921182264,0.35133485221674876
266.125,22.625,24.352555418719184,0.35655012315270945
266.125,22.875,24.308312807881748,0.3587975369458133
266.125,23.125,24.254926108374388,0.35729907635467983
266.125,23.375,24.208282019704445,0.354148275862069
266.125,23.625,24.15452586206898,0.349929371921182
266.125,23.875,24.09033251231527,0.3429801108374384
266.125,24.125,23.99833743842364,0.3326586206896553
266.125,24.375,23.872352216748762,0.3180114532019706
266.125,24.625,23.7483066502463,0.2992942118226602
266.125,24.875,23.644858374384235,0.2821621305418723
266.125,25.125,23.55221674876847,0.27117463054187196
266.125,25.375,23.452001231527095,0.263470566502463
266.125,25.625,23.34910714285714,0.2568902093596058
266.125,25.875,23.245935960591137,0.25204827586206907
266.125,26.125,23.15514162561575,0.24908749999999988
266.125,26.375,23.049199507389147,0.2461803571428569
266.125,26.625,22.939285714285738,0.24123725369458132
266.125,26.875,22.809883004926096,0.23691293103448288
266.125,27.125,22.675862068965507,0.2328411945812808
266.125,27.375,22.591717980295556,0.22423109605911318
266.125,27.625,22.55338669950742,0.2116939655172413
266.125,27.875,22.176169950738934,0.20170745073891616
266.125,28.125,21.511145320197045,0.19758811576354696
266.125,28.375,20.569581280788164,0.1971648399014779
266.125,28.625,19.559113300492612,0.19780972906403935
266.125,28.875,18.675369458128074,0.19705541871921173
266.375,21.125,24.6088669950739,0.2908084359605912
266.375,21.375,24.591964285714266,0.29914741379310344
266.375,21.625,24.553263546798025,0.3088455665024631
266.375,21.875,24.5053263546798,0.3205270935960593
266.375,22.125,24.467549261083743,0.33244156403940855
266.375,22.375,24.423306650246314,0.3427852832512314
266.375,22.625,24.365116995073883,0.3514687192118226
266.375,22.875,24.304895320197044,0.35757210591133015
266.375,23.125,24.253448275862084,0.35963552955665007
266.375,23.375,24.21474753694581,0.35901970443349773
266.375,23.625,24.155080049261095,0.355301354679803
266.375,23.875,24.09568965517243,0.3473422413793107
266.375,24.125,24.01385467980296,0.33561508620689634
266.375,24.375,23.884821428571428,0.32039131773399004
266.375,24.625,23.760314039408872,0.30215886699507394
266.375,24.875,23.658066502463054,0.28563676108374364
266.375,25.125,23.566902709359617,0.275872844827586
266.375,25.375,23.477032019704453,0.2714207512315272
266.375,25.625,23.37090517241379,0.26882764778325124
266.375,25.875,23.271243842364555,0.2657660098522167
266.375,26.125,23.176477832512294,0.26297019704433505
266.375,26.375,23.08485221674875,0.2598254926108374
266.375,26.625,22.968380541871902,0.2538834359605911
266.375,26.875,22.8496921182266,0.24614624384236455
266.375,27.125,22.715024630541897,0.23689445812807874
266.375,27.375,22.618688423645345,0.22412395320197057
266.375,27.625,22.61028325123154,0.20955942118226586
266.375,27.875,22.266317733990146,0.19957807881773393
266.375,28.125,21.62770935960591,0.196675985221675
266.375,28.375,20.746366995073913,0.19760012315270936
266.375,28.625,19.648152709359586,0.19939267241379305
266.375,28.875,18.740763546798025,0.20008811576354685
266.625,21.125,24.63888546798028,0.2863134852216749
266.625,21.375,24.611915024630544,0.29145628078817737
266.625,21.625,24.564809113300505,0.297517918719212
266.625,21.875,24.52093596059113,0.30557586206896564
266.625,22.125,24.474291871921178,0.31658115763546807
266.625,22.375,24.421644088669932,0.329262253694581
266.625,22.625,24.364562807881782,0.34172376847290664
266.625,22.875,24.30914408866995,0.3519012931034483
266.625,23.125,24.26092980295566,0.3587794334975371
266.625,23.375,24.21456280788178,0.3622236453201969
266.625,23.625,24.167456896551734,0.3605711206896551
266.625,23.875,24.102155172413777,0.35315307881773395
266.625,24.125,24.01200738916255,0.34070745073891595
266.625,24.375,23.90015394088669,0.32567844827586206
266.625,24.625,23.779248768472904,0.3096943349753694
266.625,24.875,23.680418719211815,0.294609421182266
266.625,25.125,23.589070197044318,0.28510400246305456
266.625,25.375,23.494211822660095,0.2819025246305417
266.625,25.625,23.39639778325123,0.2810835591133004
266.625,25.875,23.29867610837441,0.2802440886699506
266.625,26.125,23.21074507389164,0.2794064655172413
266.625,26.375,23.11542487684729,0.2757152709359609
266.625,26.625,23.005972906403947,0.2666623768472909
266.625,26.875,22.875831280788148,0.25422684729064055
266.625,27.125,22.74245689655173,0.24024741379310346
266.625,27.375,22.593565270935976,0.2243727216748768
266.625,27.625,22.4929802955665,0.20859415024630537
266.625,27.875,22.22752463054187,0.1982966133004925
266.625,28.125,21.657358374384227,0.19557438423645318
266.625,28.375,20.81102216748767,0.19679562807881795
266.625,28.625,19.745135467980276,0.1991200738916256
266.625,28.875,18.871551724137905,0.2018844827586208
266.625,29.125,18.415732758620692,0.20259846059113287
266.875,21.125,24.673522167487693,0.28088485221674897
266.875,21.375,24.638700738916263,0.2833248152709361
266.875,21.625,24.578663793103456,0.28539107142857156
266.875,21.875,24.525831280788143,0.29038128078817743
266.875,22.125,24.475215517241395,0.3002751231527093
266.875,22.375,24.417210591133014,0.3136182881773401
266.875,22.625,24.362992610837427,0.3280555418719209
266.875,22.875,24.306742610837443,0.341420997536946
266.875,23.125,24.25825123152707,0.3528467364532019
266.875,23.375,24.21714901477831,0.3607533251231529
266.875,23.625,24.165701970443365,0.36252801724137956
266.875,23.875,24.10668103448277,0.35735073891625624
266.875,24.125,24.01865763546799,0.3462567118226601
266.875,24.375,23.91123768472904,0.3323999999999999
266.875,24.625,23.801323891625607,0.318592672413793
266.875,24.875,23.704987684729087,0.30523780788177324
266.875,25.125,23.619550492610852,0.29619729064039385
266.875,25.375,23.52081280788177,0.29366742610837415
266.875,25.625,23.4211514778325,0.2941598522167489
266.875,25.875,23.329895320197018,0.2956221059113301
266.875,26.125,23.244458128078836,0.29600855911330076
266.875,26.375,23.14812192118227,0.29029316502463026
266.875,26.625,23.02370689655172,0.2764790024630542
266.875,26.875,22.888392857142843,0.2595658866995077
266.875,27.125,22.74162561576355,0.2429674261083745
266.875,27.375,22.581280788177363,0.22583897783251233
266.875,27.625,22.395443349753688,0.20953392857142844
266.875,27.875,22.093134236453192,0.19808097290640378
266.875,28.125,21.55732758620689,0.1942454433497537
266.875,28.375,20.787469211822682,0.19494562807881774
266.875,28.625,19.82096674876848,0.19809156403940878
266.875,28.875,19.008066502463077,0.20318115763546785
267.125,21.125,24.701693349753697,0.27762536945812794
267.125,21.375,24.654495073891624,0.2787018472906402
267.125,21.625,24.59150246305417,0.2795751231527093
267.125,21.875,24.53275862068968,0.283473645320197
267.125,22.125,24.47641625615764,0.29106557881773387
267.125,22.375,24.41730295566503,0.3017419950738919
267.125,22.625,24.358651477832513,0.3148786945812806
267.125,22.875,24.301570197044335,0.32841447044334954
267.125,23.125,24.25566502463054,0.34170517241379283
267.125,23.375,24.21299261083743,0.3527657635467983
267.125,23.625,24.16625615763548,0.35831089901477836
267.125,23.875,24.106773399014763,0.3569147167487683
267.125,24.125,24.018934729064053,0.34954267241379305
267.125,24.375,23.926293103448273,0.3383179187192118
267.125,24.625,23.824599753694567,0.32607081280788164
267.125,24.875,23.743688423645324,0.3147374384236454
267.125,25.125,23.654002463054212,0.3071722290640393
267.125,25.375,23.558959359605904,0.30506724137931046
267.125,25.625,23.46363916256159,0.30651391625615815
267.125,25.875,23.36545566502464,0.30894236453201995
267.125,26.125,23.279926108374386,0.30863429802955644
267.125,26.375,23.176754926108384,0.2997649630541872
267.125,26.625,23.04966133004927,0.28196557881773426
267.125,26.875,22.91074507389163,0.2629107142857146
267.125,27.125,22.760190886699494,0.24575043103448282
267.125,27.375,22.60621921182267,0.22882068965517222
267.125,27.625,22.411052955665042,0.21270492610837455
267.125,27.875,22.082142857142866,0.19971970443349757
267.125,28.125,21.537192118226585,0.19326779556650242
267.125,28.375,20.77490763546799,0.19281520935960578
267.125,28.625,19.888023399014767,0.1971850369458127
267.125,28.875,19.07152093596058,0.20441009852216738
267.375,21.125,24.73965517241379,0.27706736453201963
267.375,21.375,24.680818965517243,0.278537684729064
267.375,21.625,24.61450123152709,0.28057758620689666
267.375,21.875,24.545597290640412,0.28452481527093615
267.375,22.125,24.482789408867003,0.2894700738916257
267.375,22.375,24.41250000000001,0.2958500615763545
267.375,22.625,24.35043103448276,0.3055238916256163
267.375,22.875,24.29833743842366,0.31740314039408907
267.375,23.125,24.243934729064037,0.3296902093596061
267.375,23.375,24.20449507389163,0.3412635467980298
267.375,23.625,24.157204433497544,0.3493395935960588
267.375,23.875,24.09966133004927,0.35145320197044366
267.375,24.125,24.016625615763527,0.34784858374384253
267.375,24.375,23.939778325123147,0.34017463054187147
267.375,24.625,23.852401477832508,0.3303649630541873
267.375,24.875,23.77509236453202,0.3214312807881772
267.375,25.125,23.685129310344823,0.31617001231527114
267.375,25.375,23.585560344827606,0.31430178571428535
267.375,25.625,23.489778325123144,0.3151791871921184
267.375,25.875,23.393996305418728,0.3160389162561576
267.375,26.125,23.302740147783254,0.31261114532019735
267.375,26.375,23.19476600985223,0.3012833743842367
267.375,26.625,23.06647167487685,0.28335258620689635
267.375,26.875,22.92977216748771,0.26570548029556623
267.375,27.125,22.780788177339893,0.249903263546798
267.375,27.375,22.638639162561567,0.2337679187192116
267.375,27.625,22.456219211822674,0.21746810344827588
267.375,27.875,22.106434729064045,0.20263663793103467
267.375,28.125,21.546428571428578,0.19269926108374386
267.375,28.375,20.815825123152727,0.1904292487684729
267.375,28.625,19.985190886699524,0.1960522167487685
267.375,28.875,19.100708128078814,0.20516348522167485
267.625,21.125,24.76690270935958,0.2768419950738918
267.625,21.375,24.699014778325132,0.27891767241379334
267.625,21.625,24.62780172413793,0.28204599753694587
267.625,21.875,24.561391625615762,0.2861930418719211
267.625,22.125,24.491564039408846,0.28990652709359555
267.625,22.375,24.423491379310335,0.2940395935960595
267.625,22.625,24.353848522167485,0.30110609605911326
267.625,22.875,24.288916256157638,0.31021773399014785
267.625,23.125,24.234328817733992,0.3197574507389162
267.625,23.375,24.190548029556645,0.3300886699507386
267.625,23.625,24.151754926108367,0.33857087438423633
267.625,23.875,24.095782019704426,0.3424084975369458
267.625,24.125,24.02152093596059,0.34177167487684745
267.625,24.375,23.94245689655172,0.3378092980295565
267.625,24.625,23.868380541871915,0.33168337438423634
267.625,24.875,23.795504926108382,0.3254605295566505
267.625,25.125,23.709883004926116,0.3219472290640395
267.625,25.375,23.613177339901462,0.32027456896551737
267.625,25.625,23.51111453201971,0.31910560344827604
267.625,25.875,23.415147783251236,0.3163109605911328
267.625,26.125,23.314747536945823,0.30826391625615746
267.625,26.375,23.205480295566495,0.29525049261083747
267.625,26.625,23.08115763546796,0.2807492610837439
267.625,26.875,22.9443657635468,0.2679483374384232
267.625,27.125,22.811637931034475,0.25547536945812843
267.625,27.375,22.682697044334958,0.2402749999999998
267.625,27.625,22.52604679802957,0.22258977832512328
267.625,27.875,22.197598522167493,0.2052872536945812
267.625,28.125,21.62419950738918,0.19280523399014773
267.625,28.375,20.86025246305418,0.18928097290640405
267.625,28.625,20.004772167487697,0.19540036945812794
267.625,28.875,19.070043103448263,0.2054792487684728
267.875,21.125,24.76089901477832,0.2754242610837436
267.875,21.375,24.69116379310346,0.2782801724137929
267.875,21.625,24.62438423645322,0.2819639162561578
267.875,21.875,24.56000615763546,0.28624655172413793
267.875,22.125,24.49461206896552,0.29003041871921176
267.875,22.375,24.43051108374386,0.29430646551724154
267.875,22.625,24.356250000000006,0.2997414408866993
267.875,22.875,24.287253694581285,0.3058576354679799
267.875,23.125,24.22934113300493,0.31314975369458115
267.875,23.375,24.182419950738893,0.32115086206896537
267.875,23.625,24.14168719211824,0.3281671798029556
267.875,23.875,24.087561576354673,0.3328687807881776
267.875,24.125,24.0239224137931,0.33467475369458116
267.875,24.375,23.95187807881772,0.3332737684729065
267.875,24.625,23.88352832512315,0.3304987068965513
267.875,24.875,23.81813423645321,0.3270507389162565
267.875,25.125,23.73417487684731,0.32406016009852234
267.875,25.375,23.639870689655172,0.3217006157635469
267.875,25.625,23.530603448275837,0.3181927955665026
267.875,25.875,23.43620689655171,0.3116112684729063
267.875,26.125,23.33266625615762,0.29962986453202006
267.875,26.375,23.224137931034473,0.28567450738916245
267.875,26.625,23.103417487684702,0.27535591133004944
267.875,26.875,22.967456896551727,0.26887007389162526
267.875,27.125,22.837592364532014,0.26047807881773394
267.875,27.375,22.685745073891606,0.24604618226601
267.875,27.625,22.529833743842357,0.22699735221674888
267.875,27.875,22.22068965517242,0.20737302955665016
267.875,28.125,21.669365763546807,0.19379427339901484
267.875,28.375,20.881958128078793,0.19101582512315265
267.875,28.625,19.966810344827568,0.19773491379310348
267.875,28.875,19.00732758620689,0.20722019704433506
268.125,21.125,24.714624384236462,0.27306022167487676
268.125,21.375,24.653109605911343,0.27756859605911305
268.125,21.625,24.590301724137937,0.281632142857143
268.125,21.875,24.535806650246318,0.28555332512315273
268.125,22.125,24.480665024630536,0.28962580049261094
268.125,22.375,24.427647783251242,0.29433368226601014
268.125,22.625,24.3580972906404,0.29886988916256163
268.125,22.875,24.291964285714283,0.30380307881773405
268.125,23.125,24.227493842364524,0.30945979064039425
268.125,23.375,24.17798645320197,0.3144478448275859
268.125,23.625,24.133559113300485,0.31939612068965506
268.125,23.875,24.080080049261078,0.32450381773399023
268.125,24.125,24.01588669950738,0.3277698275862071
268.125,24.375,23.948460591133003,0.3276170566502462
268.125,24.625,23.88509852216749,0.3262163793103446
268.125,24.875,23.82533866995073,0.3242755541871918
268.125,25.125,23.74895320197043,0.321549815270936
268.125,25.375,23.64910714285714,0.3175986453201972
268.125,25.625,23.544273399014784,0.3117423645320197
268.125,25.875,23.449692118226597,0.3029198891625619
268.125,26.125,23.35372536945815,0.28996705665024636
268.125,26.375,23.251200738916257,0.27678238916256154
268.125,26.625,23.13897783251231,0.2695230911330052
268.125,26.875,23.00283251231528,0.26809883004926105
268.125,27.125,22.858374384236452,0.2630184113300491
268.125,27.375,22.684267241379295,0.2489173645320199
268.125,27.625,22.50101600985222,0.22938312807881767
268.125,27.875,22.198522167487674,0.20877469211822666
268.125,28.125,21.647567733990154,0.19521791871921176
268.125,28.375,20.812315270935947,0.19428602216748755
268.125,28.625,19.846644088669937,0.20173226600985233
268.125,28.875,18.96844211822662,0.20948029556650255
268.375,21.125,24.641194581280807,0.27034987684729095
268.375,21.375,24.58669950738914,0.27578171182266
268.375,21.625,24.541995073891627,0.28049341133004946
268.375,21.875,24.509482758620713,0.2845102832512317
268.375,22.125,24.467179802955663,0.2887664408866994
268.375,22.375,24.4176724137931,0.2933798645320197
268.375,22.625,24.355972906403963,0.29805960591133
268.375,22.875,24.29399630541871,0.3023145935960593
268.375,23.125,24.22961822660099,0.30589020935960587
268.375,23.375,24.17105911330048,0.3085692733990148
268.375,23.625,24.117764778325128,0.3116630541871923
268.375,23.875,24.062623152709364,0.31633565270935926
268.375,24.125,24.003048029556624,0.3202747536945813
268.375,24.375,23.943288177339895,0.32070006157635467
268.375,24.625,23.888793103448258,0.3191591748768475
268.375,24.875,23.836330049261075,0.31784815270935945
268.375,25.125,23.756249999999994,0.3149744458128079
268.375,25.375,23.661761083743823,0.30884390394088673
268.375,25.625,23.55803571428571,0.30111046798029556
268.375,25.875,23.469550492610843,0.2922758004926108
268.375,26.125,23.392426108374387,0.28117820197044324
268.375,26.375,23.29498152709359,0.2700891625615763
268.375,26.625,23.17767857142858,0.2650252463054187
268.375,26.875,23.038762315270933,0.26636976600985224
268.375,27.125,22.871674876847294,0.2630490147783251
268.375,27.375,22.691933497536958,0.2491551108374384
268.375,27.625,22.479125615763525,0.229409236453202
268.375,27.875,22.171366995073903,0.2091342980295567
268.375,28.125,21.61496305418721,0.19693066502463058
268.375,28.375,20.730849753694574,0.19760326354679816
268.375,28.625,19.66274630541872,0.20562222906403949
268.625,21.125,24.591133004926093,0.26818146551724154
268.625,21.375,24.535160098522155,0.2738190270935961
268.625,21.625,24.498306650246317,0.2791230295566502
268.625,21.875,24.476416256157616,0.2834999384236456
268.625,22.125,24.45729679802957,0.28748078817733974
268.625,22.375,24.41619458128079,0.2915142857142855
268.625,22.625,24.360591133004913,0.2954347906403944
268.625,22.875,24.29288793103448,0.2984783866995074
268.625,23.125,24.230449507389167,0.3005032019704432
268.625,23.375,24.16524014778325,0.3017108374384235
268.625,23.625,24.109636699507394,0.3038368226600984
268.625,23.875,24.058836206896554,0.3088942118226601
268.625,24.125,23.997136699507386,0.3142309729064039
268.625,24.375,23.940886699507384,0.3149040024630538
268.625,24.625,23.89387315270935,0.3119597906403945
268.625,24.875,23.837068965517243,0.3102364532019706
268.625,25.125,23.764193349753704,0.30701496305418724
268.625,25.375,23.675431034482763,0.2995278325123152
268.625,25.625,23.587869458128093,0.2914155788177339
268.625,25.875,23.504094827586208,0.28431330049261055
268.625,26.125,23.425307881773385,0.27559753694581274
268.625,26.375,23.33525246305419,0.26588947044334993
268.625,26.625,23.221366995073883,0.261906527093596
268.625,26.875,23.070628078817748,0.2638124384236454
268.625,27.125,22.90206280788176,0.2612222290640396
268.625,27.375,22.70006157635469,0.2482335591133006
268.625,27.625,22.439778325123175,0.22841551724137932
268.625,27.875,22.09359605911331,0.20889950738916277
268.625,28.125,21.519458128078796,0.1988307266009852
268.625,28.375,20.661576354679823,0.20073263546798029
268.875,21.125,24.617272167487677,0.2669271551724139
268.875,21.375,24.53257389162561,0.27320708128078797
268.875,21.625,24.482050492610856,0.27859064039408854
268.875,21.875,24.465979064039413,0.2825479679802957
268.875,22.125,24.447229064039423,0.28552666256157644
268.875,22.375,24.410006157635465,0.288018657635468
268.875,22.625,24.35818965517241,0.2898438423645322
268.875,22.875,24.29722906403941,0.29148072660098523
268.875,23.125,24.232389162561574,0.292549630541872
268.875,23.375,24.166810344827585,0.2932514162561575
268.875,23.625,24.107697044334987,0.29641816502463025
268.875,23.875,24.056896551724137,0.30446040640394095
268.875,24.125,24.00406403940888,0.3123978448275858
268.875,24.375,23.949199507389164,0.31359963054187184
268.875,24.625,23.90200123152709,0.3097588669950735
268.875,24.875,23.838639162561595,0.3064420566502464
268.875,25.125,23.77112068965519,0.30234322660098534
268.875,25.375,23.689193349753694,0.2948458743842362
268.875,25.625,23.614932266009852,0.2878634852216751
268.875,25.875,23.542980295566483,0.2826753078817733
268.875,26.125,23.460868226600986,0.27529852216748785
268.875,26.375,23.371921182266,0.26575184729064033
268.875,26.625,23.257573891625608,0.26060769704433495
268.875,26.875,23.115886699507364,0.2604651477832514
268.875,27.125,22.9327278325123,0.257758866995074
268.875,27.375,22.72740147783254,0.24631176108374372
268.875,27.625,22.451416256157618,0.22765628078817726
268.875,27.875,22.0729987684729,0.20955972906403939
268.875,28.125,21.45720443349755,0.20088331280788183
268.875,28.375,20.601724137931054,0.20316933497536943
269.125,21.375,24.606465517241396,0.2737062192118228
269.125,21.625,24.517703201970438,0.27890357142857125
269.125,21.875,24.476323891625615,0.2815641625615763
269.125,22.125,24.441964285714285,0.2829331896551724
269.125,22.375,24.41213054187193,0.2831772783251232
269.125,22.625,24.362715517241366,0.2824693349753695
269.125,22.875,24.29861453201971,0.28233183497536934
269.125,23.125,24.230541871921194,0.28255991379310363
269.125,23.375,24.173645320197036,0.2840037561576357
269.125,23.625,24.115548029556667,0.28998762315270943
269.125,23.875,24.065394088669965,0.3012158866995073
269.125,24.125,24.014039408866985,0.31159655172413764
269.125,24.375,23.960283251231516,0.3153221674876846
269.125,24.625,23.904310344827575,0.31346034482758645
269.125,24.875,23.846490147783264,0.3098466133004926
269.125,25.125,23.787099753694584,0.30400110837438427
269.125,25.375,23.719858374384245,0.2963084359605911
269.125,25.625,23.648275862068978,0.29033245073891617
269.125,25.875,23.575677339901475,0.2860048645320199
269.125,26.125,23.48654556650245,0.27960227832512297
269.125,26.375,23.398522167487688,0.2707111453201968
269.125,26.625,23.288423645320204,0.26431865763546797
269.125,26.875,23.15209359605911,0.2612777709359608
269.125,27.125,22.975123152709347,0.25645498768472924
269.125,27.375,22.76277709359606,0.24533509852216767
269.125,27.625,22.481434729064052,0.22839470443349746
269.125,27.875,22.088700738916245,0.21146059113300503
269.125,28.125,21.474199507389166,0.20255997536945822
269.125,28.375,20.610129310344835,0.20367992610837435
269.375,21.625,24.593257389162538,0.2800991995073892
269.375,21.875,24.50597290640395,0.28087130541871924
269.375,22.125,24.45674261083743,0.27928737684729055
269.375,22.375,24.420258620689644,0.2778645320197043
269.375,22.625,24.378694581280776,0.27662370689655186
269.375,22.875,24.312838669950725,0.2759072044334971
269.375,23.125,24.234975369458105,0.27597647783251283
269.375,23.375,24.174938423645305,0.27836262315270927
269.375,23.625,24.118041871921186,0.28613657635468026
269.375,23.875,24.073245073891602,0.2980595443349754
269.375,24.125,24.023460591133016,0.31046730295566505
269.375,24.375,23.977555418719216,0.3182839901477829
269.375,24.625,23.92601600985222,0.31957044334975376
269.375,24.875,23.875307881773395,0.31613263546798054
269.375,25.125,23.81684113300493,0.30817235221674877
269.375,25.375,23.751631773398984,0.29987592364532006
269.375,25.625,23.681804187192117,0.2943476600985223
269.375,25.875,23.606342364532033,0.29058460591132984
269.375,26.125,23.515640394088667,0.28571034482758634
269.375,26.375,23.424476600985216,0.27917229064039395
269.375,26.625,23.314562807881767,0.2734628078817738
269.375,26.875,23.1823891625616,0.26851447044334953
269.375,27.125,23.00865147783253,0.26099913793103485
269.375,27.375,22.801662561576347,0.24851477832512328
269.375,27.625,22.528355911330067,0.23164261083743845
269.375,27.875,22.158066502463043,0.21391607142857152
269.375,28.125,21.58873152709357,0.2034205049261084
269.375,28.375,20.75911330049262,0.20194809113300485
269.625,21.875,24.558435960591133,0.27893762315270915
269.625,22.125,24.483713054187184,0.27581557881773355
269.625,22.375,24.441502463054174,0.27428509852216765
269.625,22.625,24.401231527093586,0.274165209359606
269.625,22.875,24.339070197044336,0.27459501231527095
269.625,23.125,24.26582512315268,0.27530960591132997
269.625,23.375,24.189070197044355,0.2778541256157634
269.625,23.625,24.131065270935988,0.2850327586206899
269.625,23.875,24.09190270935959,0.296718103448276
269.625,24.125,24.04996921182266,0.30970036945812823
269.625,24.375,24.00600369458129,0.31922019704433485
269.625,24.625,23.954187192118223,0.32267653940886704
269.625,24.875,23.90874384236453,0.31796145320197033
269.625,25.125,23.85406403940887,0.3075831280788178
269.625,25.375,23.799753694581263,0.299073460591133
269.625,25.625,23.739532019704427,0.2952091133004927
269.625,25.875,23.659729064039393,0.29442032019704456
269.625,26.125,23.56524014778326,0.29230043103448305
269.625,26.375,23.463823891625612,0.2879956280788177
269.625,26.625,23.348645320197033,0.282911884236453
269.625,26.875,23.213700738916273,0.27639513546798045
269.625,27.125,23.049291871921184,0.26682967980295563
269.625,27.375,22.84544334975369,0.2535371921182269
269.625,27.625,22.584790640394104,0.2361064655172413
269.625,27.875,22.25421798029558,0.21667887931034485
269.625,28.125,21.772814039408857,0.20414051724137935
269.625,28.375,21.009975369458118,0.19951416256157617
269.875,21.875,24.61708743842368,0.27624107142857107
269.875,22.125,24.537653940886692,0.2741114532019705
269.875,22.375,24.49886083743843,0.2744310344827587
269.875,22.625,24.446213054187158,0.2765628078817731
269.875,22.875,24.370566502463028,0.27933626847290655
269.875,23.125,24.285683497536947,0.280262315270936
269.875,23.375,24.207912561576357,0.280749014778325
269.875,23.625,24.15064655172414,0.284970935960591
269.875,23.875,24.114901477832515,0.2948088669950743
269.875,24.125,24.079710591133022,0.3071527709359604
269.875,24.375,24.039624384236458,0.31651440886699467
269.875,24.625,23.997044334975364,0.31942383004926084
269.875,24.875,23.953263546798002,0.3128059113300494
269.875,25.125,23.907912561576364,0.3013633620689655
269.875,25.375,23.861822660098504,0.2940211822660102
269.875,25.625,23.805665024630525,0.2934625615763544
269.875,25.875,23.731773399014795,0.29785960591132987
269.875,26.125,23.638577586206893,0.29964174876847316
269.875,26.375,23.531804187192108,0.2954612684729064
269.875,26.625,23.411730295566503,0.28815233990147765
269.875,26.875,23.266163793103445,0.2792243842364531
269.875,27.125,23.101385467980286,0.2682257389162562
269.875,27.375,22.902155172413764,0.25538251231527104
269.875,27.625,22.65480295566503,0.23916717980295568
269.875,27.875,22.36311576354682,0.21987198275862052
269.875,28.125,21.988577586206883,0.20564753694581275
269.875,28.375,21.286330049261093,0.19796219211822644
270.125,21.875,24.656711822660096,0.2743090517241378
270.125,22.125,24.609328817733978,0.274529187192118
270.125,22.375,24.57358374384236,0.2781918719211824
270.125,22.625,24.507912561576347,0.2841188423645322
270.125,22.875,24.410837438423655,0.2882932266009853
270.125,23.125,24.311730295566512,0.28857918719211845
270.125,23.375,24.2347906403941,0.28590024630541855
270.125,23.625,24.182327586206878,0.2852820812807889
270.125,23.875,24.143534482758646,0.2910865763546798
270.125,24.125,24.114809113300495,0.30264359605911323
270.125,24.375,24.079802955665023,0.3120155172413794
270.125,24.625,24.041841133004926,0.31321133004926094
270.125,24.875,24.019673645320193,0.30543023399014746
270.125,25.125,23.98189655172416,0.29420406403940896
270.125,25.375,23.949384236453188,0.28916502463054133
270.125,25.625,23.902832512315282,0.2926684113300496
270.125,25.875,23.826724137931016,0.3019115147783253
270.125,26.125,23.733528325123142,0.3064565270935957
270.125,26.375,23.620751231527105,0.3004855295566504
270.125,26.625,23.487007389162557,0.28942463054187184
270.125,26.875,23.334513546798043,0.27738245073891615
270.125,27.125,23.155695812807878,0.2649315270935958
270.125,27.375,22.96163793103448,0.25305184729064034
270.125,27.625,22.73386699507389,0.23943774630541878
270.125,27.875,22.481434729064084,0.22288214285714295
270.125,28.125,22.22161330049262,0.20927407635467957
270.125,28.375,21.662900246305437,0.20014963054187193
270.375,22.125,24.64701354679802,0.27646330049261053
270.375,22.375,24.602309113300517,0.28324181034482804
270.375,22.625,24.531465517241383,0.29111490147783275
270.375,22.875,24.43143472906404,0.2969344211822662
270.375,23.125,24.334913793103443,0.2968910714285715
270.375,23.375,24.267302955665027,0.2908814039408867
270.375,23.625,24.209852216748768,0.28570314039408884
270.375,23.875,24.168195812807888,0.2874742610837438
270.375,24.125,24.145935960591125,0.2977874384236454
270.375,24.375,24.118873152709345,0.30729599753694564
270.375,24.625,24.104187192118225,0.307255357142857
270.375,24.875,24.08756157635467,0.2993532635467982
270.375,25.125,24.073429802955673,0.2900283866995078
270.375,25.375,24.047105911330068,0.2875765394088669
270.375,25.625,24.001847290640423,0.2937078201970441
270.375,25.875,23.93746921182266,0.3049463054187193
270.375,26.125,23.839470443349754,0.3104134852216748
270.375,26.375,23.721613300492596,0.30298719211822644
270.375,26.625,23.569396551724125,0.2886911945812807
270.375,26.875,23.401016009852228,0.2739226600985224
270.375,27.125,23.21878078817735,0.2600489532019706
270.375,27.375,23.021859605911335,0.24775991379310347
270.375,27.625,22.80812807881771,0.2362221674876848
270.375,27.875,22.57703201970445,0.2246463054187192
270.375,28.125,22.346582512315262,0.21543091133004932
270.375,28.375,21.95985221674877,0.2073695197044335
270.625,22.125,24.635560344827592,0.27654692118226615
270.625,22.375,24.56286945812808,0.2852783866995076
270.625,22.625,24.500338669950732,0.2936864532019703
270.625,22.875,24.423583743842364,0.2988992610837444
270.625,23.125,24.355511083743846,0.29875948275862085
270.625,23.375,24.29011699507389,0.29309950738916274
270.625,23.625,24.235067733990142,0.2852854064039412
270.625,23.875,24.193318965517232,0.28358417487684723
270.625,24.125,24.172629310344824,0.29168873152709357
270.625,24.375,24.15406403940887,0.3007652093596059
270.625,24.625,24.156557881773423,0.30042155172413787
270.625,24.875,24.16431650246303,0.29374125615763547
270.625,25.125,24.167179802955683,0.2894065886699504
270.625,25.375,24.152401477832516,0.29038146551724114
270.625,25.625,24.118965517241374,0.29754753694581276
270.625,25.875,24.051631773399,0.3080645935960594
270.625,26.125,23.950862068965506,0.31285067733990163
270.625,26.375,23.80982142857143,0.30418749999999994
270.625,26.625,23.64818349753694,0.28784562807881786
270.625,26.875,23.464193349753703,0.2719461822660097
270.625,27.125,23.272352216748764,0.2564068965517242
270.625,27.375,23.06794950738916,0.24113534482758603
270.625,27.625,22.8599445812808,0.2298778325123152
270.625,27.875,22.647321428571438,0.22433312807881775
270.625,28.125,22.407173645320192,0.22126009852216755
270.625,28.375,22.12398399014778,0.21572487684729053
270.875,22.125,24.62567733990148,0.27364495073891615
270.875,22.375,24.53534482758623,0.28231108374384256
270.875,22.625,24.478263546798033,0.2900898399014775
270.875,22.875,24.429956896551715,0.2935167487684727
270.875,23.125,24.377309113300505,0.2969674261083742
270.875,23.375,24.321613300492615,0.292764039408867
270.875,23.625,24.261299261083742,0.27976447044335
270.875,23.875,24.211514778325125,0.2756842364532018
270.875,24.125,24.199230295566505,0.282255110837438
270.875,24.375,24.202555418719186,0.2897623152709358
270.875,24.625,24.225184729064043,0.29152850985221657
270.875,24.875,24.256588669950744,0.2915778325123152
270.875,25.125,24.287530788177325,0.29570572660098554
270.875,25.375,24.2830972906404,0.30195295566502484
270.875,25.625,24.246336206896554,0.31037580049261115
270.875,25.875,24.176970443349756,0.31858546798029536
270.875,26.125,24.066502463054185,0.3199088054187192
270.875,26.375,23.91576354679804,0.3087727832512315
270.875,26.625,23.743688423645317,0.29197660098522144
270.875,26.875,23.54713669950739,0.27572635467980333
270.875,27.125,23.339593596059125,0.25754790640394054
270.875,27.375,23.11801108374382,0.2381866995073891
270.875,27.625,22.91490147783249,0.22513756157635464
270.875,27.875,22.70855911330051,0.22257278325123156
270.875,28.125,22.48337438423645,0.22352900246305424
270.875,28.375,22.24959975369459,0.22132647783251222
271.125,22.125,24.63851600985221,0.2711850369458132
271.125,22.375,24.54116379310344,0.27677272167487676
271.125,22.625,24.48897783251228,0.2839532635467983
271.125,22.875,24.448060344827567,0.28959833743842384
271.125,23.125,24.401323891625623,0.29574488916256153
271.125,23.375,24.340178571428588,0.2878050492610835
271.125,23.625,24.281065270935933,0.2695628694581282
271.125,23.875,24.242733990147784,0.2658142241379312
271.125,24.125,24.250215517241386,0.2718781403940888
271.125,24.375,24.282081280788205,0.2771011699507391
271.125,24.625,24.336299261083738,0.2835204433497536
271.125,24.875,24.401139162561588,0.29683232758620676
271.125,25.125,24.45193965517242,0.31442610837438406
271.125,25.375,24.462284482758587,0.32968854679802956
271.125,25.625,24.429402709359632,0.34082315270936003
271.125,25.875,24.33907019704433,0.3458972290640391
271.125,26.125,24.203848522167483,0.34058060344827584
271.125,26.375,24.03962438423645,0.3243931034482754
271.125,26.625,23.842518472906402,0.3058669950738915
271.125,26.875,23.637192118226583,0.28734476600985204
271.125,27.125,23.404341133004916,0.26474605911330057
271.125,27.375,23.1740763546798,0.24101231527093606
271.125,27.625,22.959975369458135,0.2257569581280788
271.125,27.875,22.755849753694587,0.2222782635467982
271.125,28.125,22.534267241379318,0.22295387931034488
271.125,28.375,22.329587438423616,0.2237535714285717
271.375,22.375,24.56554802955666,0.2774371305418717
271.375,22.625,24.512900246305417,0.2841264162561577
271.375,22.875,24.471336206896524,0.28787210591133006
271.375,23.125,24.425985221674885,0.2866260467980298
271.375,23.375,24.36206896551725,0.27668651477832484
271.375,23.625,24.316533251231515,0.2629391625615764
271.375,23.875,24.30360221674876,0.2594498768472906
271.375,24.125,24.355880541871915,0.26225178571428537
271.375,24.375,24.42589285714285,0.2662482758620693
271.375,24.625,24.52259852216749,0.28014587438423627
271.375,24.875,24.625030788177327,0.310103633004926
271.375,25.125,24.688300492610843,0.3455596059113299
271.375,25.375,24.69393472906404,0.3724096674876847
271.375,25.625,24.65024630541871,0.38541459359605906
271.375,25.875,24.537376847290613,0.38673479064039423
271.375,26.125,24.37980295566502,0.3750088669950737
271.375,26.375,24.196644088669945,0.3519018472906405
271.375,26.625,23.973860837438416,0.3275163793103449
271.375,26.875,23.734544334975347,0.30337229064039384
271.375,27.125,23.47583128078817,0.27489538177339906
271.375,27.375,23.218411330049282,0.24697820197044348
271.375,27.625,22.98685344827587,0.2301911330049261
271.375,27.875,22.775153940886693,0.22511508620689663
271.375,28.125,22.562715517241372,0.22432389162561586
271.375,28.375,22.359328817733992,0.2262632389162561
271.625,22.375,24.600277093596063,0.28258916256157646
271.625,22.625,24.546243842364518,0.2824737068965519
271.625,22.875,24.512715517241393,0.2781905788177339
271.625,23.125,24.468103448275862,0.26985332512315263
271.625,23.375,24.416933497536945,0.2622560344827583
271.625,23.625,24.38839285714285,0.25832247536945807
271.625,23.875,24.417302955665008,0.25452062807881776
271.625,24.125,24.515948275862065,0.25277346059113337
271.625,24.375,24.639809113300505,0.2601093596059114
271.625,24.625,24.786391625615778,0.2864969211822661
271.625,24.875,24.90120073891623,0.33576317733990146
271.625,25.125,24.96437807881771,0.38779685960591154
271.625,25.375,24.95708128078817,0.42193879310344823
271.625,25.625,24.892333743842357,0.43430338669950747
271.625,25.875,24.775677339901463,0.43144870689655185
271.625,26.125,24.602955665024613,0.4136096674876845
271.625,26.375,24.38248152709358,0.3827786945812809
271.625,26.625,24.134575123152704,0.3493294950738918
271.625,26.875,23.857573891625602,0.31624088669950756
271.625,27.125,23.561453201970448,0.28197863300492626
271.625,27.375,23.27669334975372,0.2509999999999999
271.625,27.625,23.017333743842347,0.2333028940886698
271.625,27.875,22.78383620689655,0.2278903940886701
271.625,28.125,22.568626847290645,0.2276669950738917
271.625,28.375,22.350000000000005,0.23091779556650238
271.625,28.625,22.124538177339897,0.22937370689655184
271.625,28.875,21.88808497536948,0.21350948275862072
271.625,29.375,20.985129310344814,0.16879907635467992
271.625,29.625,20.679495073891623,0.16413355911330052
271.875,22.375,24.649784482758633,0.28412481527093586
271.875,22.625,24.59473522167488,0.2722630541871922
271.875,22.875,24.57459975369458,0.2615184113300492
271.875,23.125,24.548368226600974,0.25467278325123144
271.875,23.375,24.516964285714298,0.24893263546798033
271.875,23.625,24.51816502463055,0.2502882389162563
271.875,23.875,24.601662561576365,0.25250566502463073
271.875,24.125,24.76320812807882,0.25236576354679835
271.875,24.375,24.937499999999982,0.2672748152709358
271.875,24.625,25.103386699507386,0.31135695812807906
271.875,24.875,25.20055418719214,0.3782328817733992
271.875,25.125,25.232142857142836,0.438957697044335
271.875,25.375,25.19612068965517,0.47368552955665033
271.875,25.625,25.115301724137954,0.48303663793103435
271.875,25.875,24.985899014778322,0.4735063423645324
271.875,26.125,24.80726600985223,0.44972506157635445
271.875,26.375,24.58596059113301,0.4123282019704432
271.875,26.625,24.32013546798029,0.36745548029556635
271.875,26.875,23.997413793103444,0.321977093596059
271.875,27.125,23.66360837438422,0.2798907635467979
271.875,27.375,23.33414408866993,0.24704507389162558
271.875,27.625,23.04356527093597,0.23048195812807878
271.875,27.875,22.793534482758616,0.22699131773399006
271.875,28.125,22.5671490147783,0.22997266009852238
271.875,28.375,22.34695197044335,0.23635966748768472
271.875,28.625,22.126662561576328,0.23525806650246284
271.875,28.875,21.861945812807893,0.2160335591133005
271.875,29.125,21.494519704433493,0.18668552955665021
271.875,29.375,21.009790640394073,0.1631790640394087
271.875,29.625,20.63654556650244,0.1540102832512315
272.125,22.375,24.721274630541874,0.27132321428571404
272.125,22.625,24.668349753694578,0.25620301724137945
272.125,22.875,24.670289408866992,0.2468898399014778
272.125,23.125,24.67250615763544,0.24529618226601
272.125,23.375,24.687653940886698,0.24434291871921185
272.125,23.625,24.7434421182266,0.25228786945812803
272.125,23.875,24.902770935960582,0.26528509852216764
272.125,24.125,25.121490147783263,0.2755947660098524
272.125,24.375,25.30446428571429,0.30533442118226567
272.125,24.625,25.447998768472914,0.36561724137931045
272.125,24.875,25.496582512315268,0.43985862068965476
272.125,25.125,25.47062807881773,0.4994189655172414
272.125,25.375,25.39747536945814,0.527486453201971
272.125,25.625,25.291348522167496,0.5271733990147786
272.125,25.875,25.149938423645334,0.506999199507389
272.125,26.125,24.968257389162552,0.4776147167487685
272.125,26.375,24.75193965517242,0.435490763546798
272.125,26.625,24.469396551724145,0.37948657635468
272.125,26.875,24.127832512315283,0.3205597906403943
272.125,27.125,23.748768472906413,0.269912684729064
272.125,27.375,23.38706896551724,0.23700634236453197
272.125,27.625,23.064254926108358,0.22316995073891618
272.125,27.875,22.79076354679803,0.2218796798029555
272.125,28.125,22.560129310344823,0.22836274630541867
272.125,28.375,22.33771551724136,0.23818873152709366
272.125,28.625,22.115116995073897,0.2375741379310343
272.125,28.875,21.836822660098537,0.21625948275862084
272.125,29.125,21.466902709359598,0.18479347290640408
272.125,29.375,20.982173645320216,0.16121231527093602
272.125,29.625,20.61908866995074,0.1519282019704432
272.375,22.375,24.794612068965524,0.24378029556650238
272.375,22.625,24.763300492610806,0.22962142857142856
272.375,22.875,24.817980295566507,0.22529919950738903
272.375,23.125,24.88956280788176,0.2335354679802956
272.375,23.375,24.988577586206883,0.24834433497536937
272.375,23.625,25.12463054187192,0.27228097290640385
272.375,23.875,25.331527093596062,0.30138743842364535
272.375,24.125,25.541379310344823,0.33288663793103446
272.375,24.375,25.686299261083736,0.38284341133004934
272.375,24.625,25.75132389162561,0.4491253694581277
272.375,24.875,25.73534482758619,0.5164832512315266
272.375,25.125,25.653602216748776,0.5642847290640384
272.375,25.375,25.540825123152697,0.5789105295566507
272.375,25.625,25.406804187192087,0.5646793719211813
272.375,25.875,25.253663793103446,0.531992672413793
272.375,26.125,25.075954433497532,0.4924424261083744
272.375,26.375,24.851416256157616,0.44206083743842395
272.375,26.625,24.560837438423654,0.37879427339901484
272.375,26.875,24.207358374384246,0.31206176108374395
272.375,27.125,23.809451970443337,0.25864334975369474
272.375,27.375,23.417641625615758,0.22872315270935958
272.375,27.625,23.08448275862068,0.21726102216748763
272.375,27.875,22.797136699507377,0.21605745073891616
272.375,28.125,22.549415024630566,0.22299224137931026
272.375,28.375,22.322198275862064,0.23424211822660101
272.375,28.625,22.095535714285706,0.23428577586206914
272.375,28.875,21.820843596059106,0.21345443349753687
272.375,29.125,21.443072660098526,0.18246644088669936
272.375,29.375,21.0254002463054,0.16061970443349752
272.375,29.625,20.714224137931037,0.15422931034482767
272.625,22.375,24.936483990147757,0.2152272167487684
272.625,22.625,24.928633004926088,0.19855098522167505
272.625,22.875,25.065332512315276,0.2005218596059114
272.625,23.125,25.23713054187192,0.22619014778325125
272.625,23.375,25.413546798029564,0.2699153940886699
272.625,23.625,25.591440886699502,0.3209758004926107
272.625,23.875,25.782543103448294,0.37239950738916244
272.625,24.125,25.934298029556654,0.426280418719212
272.625,24.375,25.992395320197037,0.4861000000000003
272.625,24.625,25.977247536945804,0.5476307881773398
272.625,24.875,25.89439655172414,0.5979131773399016
272.625,25.125,25.778017241379278,0.6227841748768479
272.625,25.375,25.636699507389153,0.6211451354679808
272.625,25.625,25.487807881773403,0.5949184729064043
272.625,25.875,25.318873152709383,0.5512716133004925
272.625,26.125,25.129618226600982,0.49745899014778316
272.625,26.375,24.89630541871921,0.43568934729064035
272.625,26.625,24.59584359605912,0.3691544950738918
272.625,26.875,24.233682266009858,0.3027516009852222
272.625,27.125,23.831804187192102,0.25246588669950715
272.625,27.375,23.4459975369458,0.22654137931034476
272.625,27.625,23.104064039408854,0.21702740147783245
272.625,27.875,22.810991379310348,0.21499051724137924
272.625,28.125,22.552463054187207,0.2190087438423645
272.625,28.375,22.31296182266012,0.2284233374384237
272.625,28.625,22.081126847290637,0.22970972906403947
272.625,28.875,21.815209359605895,0.21074950738916262
272.625,29.125,21.48380541871923,0.1813544950738917
272.625,29.375,21.152401477832502,0.16261625615763547
272.625,29.625,20.894889162561554,0.15890018472906386
272.875,22.375,25.170905172413796,0.19857050492610862
272.875,22.625,25.214963054187205,0.1867111453201969
272.875,22.875,25.42075123152709,0.2052320812807881
272.875,23.125,25.659975369458124,0.25578891625615785
272.875,23.375,25.86973522167489,0.33006958128078845
272.875,23.625,26.022044334975362,0.4067618842364534
272.875,23.875,26.132881773399035,0.47389261083743855
272.875,24.125,26.17998768472905,0.533821736453202
272.875,24.375,26.16308497536944,0.5874892857142858
272.875,24.625,26.088546798029554,0.6345525862068964
272.875,24.875,25.973183497536958,0.6650092364532025
272.875,25.125,25.847937192118234,0.6698806034482758
272.875,25.375,25.696182266009835,0.6539891009852216
272.875,25.625,25.53629926108375,0.6172719211822656
272.875,25.875,25.354433497536945,0.5637133004926104
272.875,26.125,25.15649630541874,0.4997157635467985
272.875,26.375,24.906003694581276,0.43029310344827565
272.875,26.625,24.587623152709337,0.3620669334975368
272.875,26.875,24.215394088669957,0.2986859605911329
272.875,27.125,23.82201354679803,0.25212943349753675
272.875,27.375,23.45523399014777,0.22900972906403927
272.875,27.625,23.118565270935935,0.22159261083743845
272.875,27.875,22.822721674876853,0.2188355911330049
272.875,28.125,22.554864532019703,0.21881588669950733
272.875,28.375,22.30483374384236,0.2252741379310346
272.875,28.625,22.07004310344826,0.22707438423645335
272.875,28.875,21.815209359605902,0.21019254926108383
272.875,29.125,21.537284482758636,0.1830592980295567
272.875,29.375,21.29528940886701,0.16761490147783237
272.875,29.625,21.090424876847297,0.1654216748768473
273.125,22.375,25.549415024630537,0.22016422413793119
273.125,22.625,25.64131773399013,0.22629759852216755
273.125,22.875,25.856988916256142,0.27039027093596046
273.125,23.125,26.068318965517264,0.3406909482758622
273.125,23.375,26.217580049261073,0.42412721674876835
273.125,23.625,26.299322660098515,0.5058237068965507
273.125,23.875,26.31188423645319,0.5718520935960592
273.125,24.125,26.265609605911337,0.6217700738916254
273.125,24.375,26.191533251231522,0.6601190270935957
273.125,24.625,26.098799261083744,0.6887847906403946
273.125,24.875,25.9842672413793,0.704621921182266
273.125,25.125,25.862346059113314,0.701204064039409
273.125,25.375,25.721674876847306,0.6767243226600989
273.125,25.625,25.55292487684731,0.6283480911330052
273.125,25.875,25.362931034482763,0.564125307881773
273.125,26.125,25.142549261083744,0.49569612068965585
273.125,26.375,24.867764778325142,0.4253170566502464
273.125,26.625,24.540701970443358,0.35764716748768466
273.125,26.875,24.17484605911331,0.297021059113301
273.125,27.125,23.8120381773399,0.25291631773399015
273.125,27.375,23.468165024630558,0.23177610837438425
273.125,27.625,23.149876847290642,0.22676483990147783
273.125,27.875,22.854772167487663,0.22465264778325109
273.125,28.125,22.562715517241383,0.22273146551724138
273.125,28.375,22.291163793103436,0.22556231527093587
273.125,28.625,22.049907635468,0.22434464285714287
273.125,28.875,21.793873152709367,0.20820301724137935
273.125,29.125,21.55575738916257,0.1853732758620689
273.125,29.375,21.367610837438416,0.1744376231527094
273.125,29.625,21.21530172413792,0.17396705665024634
273.375,22.125,26.137684729064038,0.30012801724137933
273.375,22.375,26.044673645320195,0.30207493842364547
273.375,22.625,26.13029556650247,0.3317391625615764
273.375,22.875,26.26838054187191,0.3894695812807881
273.375,23.125,26.37108990147784,0.4564211206896552
273.375,23.375,26.415240147783255,0.5208014162561582
273.375,23.625,26.405726600985222,0.5850219827586204
273.375,23.875,26.338669950738915,0.6385844211822661
273.375,24.125,26.238731527093623,0.6755539408866995
273.375,24.375,26.145997536945796,0.6999758004926111
273.375,24.625,26.053171182266002,0.7176485221674872
273.375,24.875,25.955818965517274,0.7245608374384241
273.375,25.125,25.844704433497533,0.7141065270935958
273.375,25.375,25.70523399014778,0.6822782019704429
273.375,25.625,25.537038177339905,0.6229208743842366
273.375,25.875,25.32967980295566,0.5509509236453202
273.375,26.125,25.086761083743852,0.48102709359605883
273.375,26.375,24.797660098522154,0.4134344827586208
273.375,26.625,24.479556650246288,0.35013066502463025
273.375,26.875,24.13208128078818,0.2947581896551722
273.375,27.125,23.792272167487678,0.25361878078817734
273.375,27.375,23.47500000000001,0.23475874384236461
273.375,27.625,23.167703201970436,0.2323214901477832
273.375,27.875,22.8628078817734,0.2316267241379311
273.375,28.125,22.5614224137931,0.22854291871921192
273.375,28.375,22.263731527093604,0.22717167487684742
273.375,28.625,21.99966133004924,0.22143466748768476
273.375,28.875,21.745843596059114,0.20465554187192106
273.375,29.125,21.526385467980305,0.18634956896551721
273.375,29.375,21.356434729064024,0.17916354679802957
273.375,29.625,21.21539408866996,0.1783672413793104
273.625,21.875,26.701662561576356,0.40779729064039394
273.625,22.125,26.543811576354685,0.4024905788177336
273.625,22.375,26.468719211822652,0.42665714285714285
273.625,22.625,26.492087438423653,0.4652677955665026
273.625,22.875,26.530511083743836,0.512966194581281
273.625,23.125,26.523399014778313,0.5585568965517241
273.625,23.375,26.478602216748758,0.5970361453201969
273.625,23.625,26.39916871921181,0.6362615763546794
273.625,23.875,26.294612068965506,0.6739366995073885
273.625,24.125,26.17730911330047,0.704911699507389
273.625,24.375,26.0818041871921,0.7228004926108375
273.625,24.625,25.993134236453223,0.7313543719211822
273.625,24.875,25.904371921182253,0.7293404556650246
273.625,25.125,25.809421182266036,0.7087556034482755
273.625,25.375,25.662931034482753,0.6669083743842369
273.625,25.625,25.479495073891616,0.6009480295566517
273.625,25.875,25.257727832512327,0.5270178571428571
273.625,26.125,25.000584975369456,0.45891637931034496
273.625,26.375,24.71619458128078,0.3959084975369459
273.625,26.625,24.396243842364555,0.3409530788177341
273.625,26.875,24.08109605911333,0.29442302955665056
273.625,27.125,23.76290024630543,0.2589353448275861
273.625,27.375,23.46068349753694,0.24206231527093597
273.625,27.625,23.160868226600996,0.2395189039408866
273.625,27.875,22.850061576354683,0.23777758620689662
273.625,28.125,22.530018472906395,0.23224673645320199
273.625,28.375,22.2112684729064,0.22815277093596043
273.625,28.625,21.92281403940888,0.21963171182266017
273.625,28.875,21.676754926108366,0.20273565270935967
273.625,29.125,21.447413793103458,0.1870562192118227
273.625,29.375,21.27496921182265,0.17934279556650248
273.625,29.625,21.14482758620689,0.17521607142857146
273.875,21.125,27.130880541871914,0.5931144088669958
273.875,21.375,27.086637931034492,0.5602891009852221
273.875,21.625,26.988823891625618,0.5345319581280789
273.875,21.875,26.86514778325121,0.5156462438423651
273.875,22.125,26.764285714285716,0.5207674261083748
273.875,22.375,26.710899014778327,0.54875960591133
273.875,22.625,26.668780788177347,0.5740871921182272
273.875,22.875,26.609020935960597,0.5979403940886701
273.875,23.125,26.546951970443327,0.6244375
273.875,23.375,26.449692118226587,0.648889408866995
273.875,23.625,26.33839285714285,0.6730010467980296
273.875,23.875,26.229033251231513,0.6961355911330043
273.875,24.125,26.13029556650246,0.7189508620689654
273.875,24.375,26.02897167487686,0.7294196428571429
273.875,24.625,25.939008620689645,0.7233730911330055
273.875,24.875,25.853109605911325,0.7078941502463061
273.875,25.125,25.746243842364525,0.679325
273.875,25.375,25.592549261083743,0.6330546182266007
273.875,25.625,25.38472906403941,0.5685464285714287
273.875,25.875,25.13414408866995,0.497739408866995
273.875,26.125,24.86730295566503,0.4326689039408865
273.875,26.375,24.589285714285715,0.3760037561576354
273.875,26.625,24.306834975369444,0.3307844827586204
273.875,26.875,24.01560960591133,0.29478312807881746
273.875,27.125,23.71560960591133,0.26790929802955676
273.875,27.375,23.417918719211823,0.2526433497536947
273.875,27.625,23.119488916256156,0.2453421182266007
273.875,27.875,22.80434113300492,0.23939575123152704
273.875,28.125,22.464347290640422,0.2321096059113301
273.875,28.375,22.127493842364526,0.2263084975369456
273.875,28.625,21.827493842364518,0.21682974137931035
273.875,28.875,21.564716748768472,0.20099002463054177
273.875,29.125,21.327247536945805,0.18656410098522158
273.875,29.375,21.146305418719216,0.17559347290640392
274.125,21.125,27.039254926108388,0.6736270935960585
274.125,21.375,27.02438423645321,0.6461592980295563
274.125,21.625,26.98753078817733,0.6251777093596064
274.125,21.875,26.92657019704434,0.6157645935960593
274.125,22.125,26.86062192118226,0.6208290640394091
274.125,22.375,26.78709975369457,0.6358666871921187
274.125,22.625,26.698891625615758,0.6428796798029557
274.125,22.875,26.595997536945802,0.6491639778325131
274.125,23.125,26.498830049261066,0.6679716748768472
274.125,23.375,26.39427339901478,0.6881022167487683
274.125,23.625,26.281681034482773,0.7039677955665024
274.125,23.875,26.18414408866993,0.7125467364532017
274.125,24.125,26.094365763546786,0.7176753078817733
274.125,24.375,25.980942118226633,0.7138277709359607
274.125,24.625,25.872506157635478,0.690916379310345
274.125,24.875,25.774045566502465,0.6578596674876843
274.125,25.125,25.649815270935964,0.6231646551724136
274.125,25.375,25.475708128078804,0.5798259852216755
274.125,25.625,25.24470443349752,0.5234638546798032
274.125,25.875,24.980726600985218,0.4596415640394087
274.125,26.125,24.708805418719198,0.39938460591133
274.125,26.375,24.451570197044333,0.34996391625615736
274.125,26.625,24.196366995073884,0.31256428571428563
274.125,26.875,23.937653940886698,0.2869227832512317
274.125,27.125,23.658897783251227,0.27092401477832506
274.125,27.375,23.37727832512316,0.25948571428571454
274.125,27.625,23.064439655172436,0.2476760467980296
274.125,27.875,22.73423645320197,0.23803817733990154
274.125,28.125,22.377155172413783,0.23000406403940887
274.125,28.375,22.02598522167487,0.2208366379310345
274.125,28.625,21.712130541871907,0.20946471674876838
274.125,28.875,21.42570812807882,0.19471003694581288
274.125,29.125,21.204033251231543,0.1808501847290641
274.375,21.125,26.988454433497548,0.7299264778325124
274.375,21.375,26.99796798029557,0.709
274.375,21.625,27.011268472906412,0.6935898399014787
274.375,21.875,26.97635467980294,0.6861570197044333
274.375,22.125,26.88408251231529,0.6838378694581274
274.375,22.375,26.77573891625616,0.6835723522167487
274.375,22.625,26.65012315270936,0.6811107142857145
274.375,22.875,26.531988916256182,0.6847950738916254
274.375,23.125,26.430480295566493,0.7001147783251237
274.375,23.375,26.339131773399018,0.7169911330049256
274.375,23.625,26.24741379310344,0.7236247536945817
274.375,23.875,26.147937192118228,0.7152597290640391
274.375,24.125,26.039870689655167,0.6988607142857141
274.375,24.375,25.913516009852227,0.6776050492610837
274.375,24.625,25.78069581280791,0.6431335591133004
274.375,24.875,25.66302339901476,0.5985496921182266
274.375,25.125,25.509421182265996,0.5565131157635467
274.375,25.375,25.32829433497537,0.5157358374384239
274.375,25.625,25.07872536945811,0.4682686576354681
274.375,25.875,24.811884236453178,0.41486859605911364
274.375,26.125,24.55354064039409,0.36352678571428554
274.375,26.375,24.313300492610814,0.3215830665024626
274.375,26.625,24.08802339901477,0.2903158866995071
274.375,26.875,23.851200738916262,0.2710406403940886
274.375,27.125,23.57937192118226,0.2637349753694581
274.375,27.375,23.298121921182286,0.25879254926108375
274.375,27.625,22.98546798029559,0.24830166256157618
274.375,27.875,22.63651477832513,0.23862044334975357
274.375,28.125,22.266225369458148,0.2290499384236454
274.375,28.375,21.893903940886712,0.21429975369458137
274.375,28.625,21.56453201970444,0.1976224137931034
274.375,28.875,21.26933497536946,0.18174310344827582
274.625,21.125,26.957419950738913,0.7630519704433504
274.625,21.375,27.01579433497536,0.7487864532019706
274.625,22.375,26.799014778325123,0.7040759236453203
274.625,22.625,26.605141625615744,0.7009835591133005
274.625,22.875,26.479618226600987,0.7052190886699509
274.625,23.125,26.375153940886708,0.7148961206896556
274.625,23.375,26.29211822660098,0.721528201970444
274.625,23.625,26.21194581280787,0.7161753078817729
274.625,23.875,26.115055418719198,0.6955490763546797
274.625,24.125,25.983897783251223,0.6642135467980297
274.625,24.375,25.81681034482759,0.6268511699507391
274.625,24.625,25.662931034482774,0.5848511699507387
274.625,24.875,25.50775862068966,0.5368240147783258
274.625,25.125,25.32635467980293,0.49072001231527085
274.625,25.375,25.130818965517236,0.45015843596059096
274.625,25.625,24.891410098522197,0.4081464285714286
274.625,25.875,24.63556034482759,0.36710227832512315
274.625,26.125,24.399938423645327,0.33058355911330084
274.625,26.375,24.188977832512315,0.29921219211822664
274.625,26.625,23.97293719211824,0.2739831896551725
274.625,26.875,23.72512315270934,0.25783559113300514
274.625,27.125,23.452463054187195,0.25369378078817717
274.625,27.375,23.160221674876837,0.2530441502463056
274.625,27.625,22.8435960591133,0.24567832512315266
274.625,27.875,22.487715517241384,0.23691594827586207
274.625,28.125,22.122044334975357,0.22530018472906393
274.625,28.375,21.751570197044348,0.20586933497536936
274.625,28.625,21.392549261083737,0.18453152709359608
274.625,28.875,21.075831280788183,0.1668247536945815
274.875,21.125,26.959174876847282,0.7730509236453207
274.875,22.625,26.6756157635468,0.7124176108374385
274.875,22.875,26.466133004926096,0.7133875615763541
274.875,23.125,26.35058497536948,0.7123061576354677
274.875,23.375,26.26385467980297,0.7037078201970444
274.875,23.625,26.176570197044324,0.6849274630541872
274.875,23.875,26.061391625615745,0.6548589285714282
274.875,24.125,25.896151477832515,0.6156172413793102
274.875,24.375,25.701539408866985,0.5663179187192122
274.875,24.625,25.507389162561573,0.5152443349753698
274.875,24.875,25.314347290640413,0.4674153325123154
274.875,25.125,25.114285714285707,0.4227112068965518
274.875,25.375,24.90110837438424,0.382021120689655
274.875,25.625,24.662068965517243,0.3448165640394089
274.875,25.875,24.42727832512314,0.31617068965517225
274.875,26.125,24.21927339901479,0.29567974137931036
274.875,26.375,24.020504926108355,0.27880652709359577
274.875,26.625,23.808805418719206,0.2635341748768472
274.875,26.875,23.55443349753695,0.25265190886699496
274.875,27.125,23.269396551724146,0.24872832512315263
274.875,27.375,22.973922413793094,0.24551619458128074
274.875,27.625,22.650184729064048,0.23657536945812804
274.875,27.875,22.30187807881772,0.2265894088669951
274.875,28.125,21.9333435960591,0.2134325738916256
274.875,28.375,21.558343596059135,0.19441810344827593
274.875,28.625,21.169304187192104,0.17450116995073905
274.875,28.875,20.80095443349753,0.1573945812807882
275.125,21.125,26.972290640394075,0.766624014778326
275.125,22.875,26.562469211822663,0.7092599753694574
275.125,23.125,26.360006157635475,0.6978427339901474
275.125,23.375,26.24778325123151,0.6783802955665031
275.125,23.625,26.13685344827588,0.6479650862068964
275.125,23.875,25.988054187192134,0.6055943349753696
275.125,24.125,25.77727832512314,0.5544716748768473
275.125,24.375,25.538700738916276,0.4925949507389164
275.125,24.625,25.30040024630544,0.4340666256157635
275.125,24.875,25.077432266009847,0.3899753694581283
275.125,25.125,24.85815886699509,0.352440948275862
275.125,25.375,24.643318965517256,0.31907068965517243
275.125,25.625,24.418041871921183,0.2917324507389161
275.125,25.875,24.210221674876852,0.2740549876847289
275.125,26.125,24.020320197044317,0.26476022167487684
275.125,26.375,23.818965517241377,0.2577107142857144
275.125,26.625,23.599415024630535,0.25010671182266003
275.125,26.875,23.335899014778313,0.24287241379310354
275.125,27.125,23.040701970443344,0.23661237684729064
275.125,27.375,22.733035714285748,0.23009679802955674
275.125,27.625,22.420381773399022,0.22136157635467985
275.125,27.875,22.074014778325125,0.21102814039408868
275.125,28.125,21.69402709359606,0.19829642857142882
275.125,28.375,21.292333743842338,0.182738669950739
275.125,28.625,20.868750000000006,0.1661615763546797
275.125,28.875,20.46936576354681,0.15164876847290648
275.375,21.125,26.98300492610839,0.7541434113300491
275.375,23.125,26.450153940886704,0.6848919950738913
275.375,23.375,26.227924876847297,0.6547636699507396
275.375,23.625,26.07432266009852,0.6113685960591132
275.375,23.875,25.87758620689653,0.554119581280789
275.375,24.125,25.625246305418752,0.4889881157635466
275.375,24.375,25.342241379310323,0.4142681650246306
275.375,24.625,25.063577586206886,0.34989458128078826
275.375,24.875,24.80274014778325,0.3121863916256158
275.375,25.125,24.568965517241388,0.28735160098522156
275.375,25.375,24.351077586206895,0.267233620689655
275.375,25.625,24.141779556650256,0.25329150246305415
275.375,25.875,23.959082512315266,0.24564341133004916
275.375,26.125,23.775092364532,0.24137752463054202
275.375,26.375,23.579094827586196,0.23741268472906402
275.375,26.625,23.34578201970442,0.23085578817734004
275.375,26.875,23.070905172413795,0.22170295566502468
275.375,27.125,22.76915024630543,0.21285849753694583
275.375,27.375,22.476724137931033,0.20780751231527084
275.375,27.625,22.162777093596063,0.20352912561576328
275.375,27.875,21.811422413793103,0.19603786945812815
275.375,28.125,21.40012315270936,0.18610874384236448
275.375,28.375,20.96019088669953,0.17226668719211816
275.375,28.625,20.504094827586194,0.15565394088669945
275.375,28.875,20.0962130541872,0.14142475369458143
275.625,21.125,26.98845443349755,0.7462871305418723
275.625,23.375,26.22949507389162,0.6309166256157639
275.625,23.625,26.01548645320194,0.5715948891625621
275.625,23.875,25.761761083743828,0.4995847290640389
275.625,24.125,25.45686576354681,0.42374396551724164
275.625,24.375,25.129802955665028,0.3444677955665022
275.625,24.625,24.804956896551708,0.2767337438423644
275.625,24.875,24.50495689655173,0.2414475369458129
275.625,25.125,24.248368226600974,0.2277783866995074
275.625,25.375,24.037592364532,0.22060541871921188
275.625,25.625,23.848706896551725,0.2194963054187192
275.625,25.875,23.68060344827584,0.22063448275862066
275.625,26.125,23.501600985221668,0.2201299261083743
275.625,26.375,23.30163177339902,0.21888503694581282
275.625,26.625,23.066379310344832,0.21220178571428583
275.625,26.875,22.801108374384242,0.20078054187192124
275.625,27.125,22.511545566502477,0.1914004310344827
275.625,27.375,22.210991379310343,0.18780381773399002
275.625,27.625,21.88771551724139,0.18633060344827598
275.625,27.875,21.50209359605912,0.1815089285714285
275.625,28.125,21.050431034482752,0.17272857142857145
275.625,28.375,20.560714285714273,0.15885006157635453
275.625,28.625,20.054279556650236,0.14265221674876846
275.625,28.875,19.651847290640394,0.12800424876847263
275.875,21.125,26.996120689655154,0.7480595443349757
275.875,23.375,26.302924876847282,0.6045547413793113
275.875,23.625,25.943626847290645,0.5301397783251238
275.875,23.875,25.656834975369474,0.4465867610837435
275.875,24.125,25.289039408866998,0.3624498152709363
275.875,24.375,24.89953817733988,0.2811940886699507
275.875,24.625,24.531096059113306,0.2171631773399015
275.875,24.875,24.20375615763546,0.18549501231527105
275.875,25.125,23.942733990147808,0.17884421182266017
275.875,25.375,23.740455665024633,0.1805014778325125
275.875,25.625,23.575769704433508,0.18641416256157642
275.875,25.875,23.409605911330022,0.1937677339901477
275.875,26.125,23.233189655172406,0.20014581280788193
275.875,26.375,23.038947044334975,0.20340714285714287
275.875,26.625,22.812746305418713,0.1967717364532021
275.875,26.875,22.549415024630548,0.1851082512315271
275.875,27.125,22.260775862068957,0.177735775862069
275.875,27.375,21.937315270935944,0.17485394088669948
275.875,27.625,21.561206896551727,0.17194907635467988
275.875,27.875,21.12108990147783,0.1654258004926107
275.875,28.125,20.61400862068968,0.1545469211822659
275.875,28.375,20.060375615763533,0.14084378078817758
275.875,28.625,19.539624384236454,0.1274283251231527
275.875,28.875,19.20295566502462,0.11509513546798035
275.875,29.125,19.008620689655178,0.10621551724137937
276.125,21.125,27.02124384236453,0.7571264162561577
276.125,21.375,27.2423645320197,0.7522528325123158
276.125,23.625,25.909359605911327,0.4900193349753693
276.125,23.875,25.549230295566524,0.39786557881773393
276.125,24.125,25.129248768472912,0.306261945812808
276.125,24.375,24.68830049261085,0.22362536945812814
276.125,24.625,24.27432266009853,0.16985270935960597
276.125,24.875,23.936360837438432,0.15279864532019702
276.125,25.125,23.678017241379298,0.15260492610837428
276.125,25.375,23.479341133004908,0.15553959359605915
276.125,25.625,23.31391625615765,0.16201237684729064
276.125,25.875,23.147844827586216,0.17016564039408869
276.125,26.125,22.97336822660099,0.18043448275862062
276.125,26.375,22.78623768472907,0.18751970443349758
276.125,26.625,22.5689039408867,0.1839150862068967
276.125,26.875,22.295504926108368,0.1753483990147783
276.125,27.125,21.98617610837439,0.17112912561576374
276.125,27.375,21.637592364532015,0.16879729064039395
276.125,27.625,21.212715517241385,0.16362327586206907
276.125,27.875,20.717549261083757,0.1522299261083744
276.125,28.125,20.1441502463054,0.13767456896551714
276.125,28.375,19.567610837438426,0.12539999999999998
276.125,28.625,19.10477216748766,0.113995751231527
276.125,28.875,18.839870689655168,0.10322666256157628
276.375,21.125,27.104464285714283,0.7703834359605904
276.375,23.625,25.900030788177347,0.458044950738916
276.375,23.875,25.430357142857144,0.35657432266009853
276.375,24.125,24.989039408866983,0.257574384236453
276.375,24.375,24.513731527093604,0.18158780788177348
276.375,24.625,24.066040640394085,0.14277961822660099
276.375,24.875,23.70748152709359,0.13681834975369467
276.375,25.125,23.440732758620683,0.1438541871921183
276.375,25.375,23.244919950738907,0.14972506157635454
276.375,25.625,23.0625,0.15270338669950742
276.375,25.875,22.888392857142847,0.15784131773399018
276.375,26.125,22.696459359605914,0.16628121921182273
276.375,26.375,22.50517241379308,0.17252961822660104
276.375,26.625,22.28469827586207,0.17359187192118217
276.375,26.875,22.02164408866994,0.1712307881773401
276.375,27.125,21.71323891625617,0.1705027709359605
276.375,27.375,21.3745381773399,0.17094273399014773
276.375,27.625,20.961114532019682,0.16593879310344814
276.375,28.125,19.834544334975366,0.13338836206896554
276.375,28.375,19.206373152709354,0.11915603448275854
276.375,28.625,18.81382389162563,0.10585911330049265
276.625,23.625,25.885991379310347,0.44134889162561564
276.625,23.875,25.33826970443348,0.3277356527093596
276.625,24.125,24.87238300492609,0.21908953201970438
276.625,24.375,24.366225369458146,0.15100652709359616
276.625,24.625,23.879833743842376,0.13230332512315243
276.625,24.875,23.490701970443347,0.1358934113300491
276.625,25.125,23.216379310344845,0.1413793103448276
276.625,25.375,23.01077586206895,0.14966391625615766
276.625,25.625,22.808220443349743,0.15637967980295556
276.625,25.875,22.597259852216737,0.16030123152709355
276.625,26.125,22.382697044334982,0.16397167487684738
276.625,26.375,22.182450738916256,0.1669644088669953
276.625,26.625,22.002616995073872,0.16600812807881765
276.625,26.875,21.82213669950737,0.16876822660098517
276.625,27.125,21.565455665024633,0.1753269088669952
276.875,23.625,25.85911330049262,0.42531108374384263
276.875,23.875,25.297814039408856,0.3034865763546801
276.875,24.125,24.80624999999999,0.18906385467980283
276.875,24.375,24.24984605911328,0.12628540640394073
276.875,24.625,23.71089901477832,0.12242075123152711
276.875,24.875,23.282974137931053,0.13713879310344834
276.875,25.125,22.9790948275862,0.14573245073891633
276.875,25.375,22.750492610837448,0.15316810344827592
276.875,25.625,22.52780172413794,0.1600238916256156
276.875,25.875,22.297629310344806,0.16543423645320202
276.875,26.125,22.073552955665022,0.16421151477832505
276.875,26.375,21.911545566502454,0.1673514778325123
276.875,26.625,21.82407635467981,0.17284938423645332
277.125,23.625,25.94879926108373,0.41312155172413784
277.125,23.875,25.350461822660126,0.2853174261083742
277.125,24.125,24.750554187192122,0.16959772167487683
277.125,24.375,24.169673645320188,0.11032278325123156
277.125,24.625,23.5635775862069,0.11108300492610834
277.125,24.875,23.064716748768443,0.12912992610837443
277.125,25.125,22.72250615763547,0.14842924876847302
277.125,25.375,22.46536330049261,0.16793355911330074
277.125,25.625,22.247105911330067,0.18140794334975363
277.125,25.875,22.027463054187166,0.19085818965517234
277.125,26.125,21.83977832512316,0.18317635467980284
277.125,26.375,21.775769704433483,0.17777875615763544
277.375,23.875,25.48799261083745,0.28187032019704417
277.375,24.125,24.81779556650244,0.16487857142857146
277.375,25.125,22.44005541871921,0.15071798029556652
277.375,25.375,22.200461822660092,0.18051662561576368
277.375,25.625,22.041040640394094,0.2021814039408867
277.375,25.875,21.887807881773384,0.21179193349753697
277.375,26.125,21.789532019704467,0.19781945812807894
277.625,25.375,21.988392857142866,0.18690086206896553
277.625,25.625,21.95782019704433,0.2090086822660099
277.625,25.875,21.896582512315298,0.20755431034482769
277.875,25.375,21.967887931034497,0.20033608374384246
